CODE_ISO,Country ,Year,"Total affected per 100,000 people - All disasters excluding extreme temperature","GDP per capita, PPP (constant 2021 international $)",World regions according to OWID
Unknown,Africa,1900,0.0,0.0,
Unknown,Africa,1903,0.0,0.0,
Unknown,Africa,1906,0.0,0.0,
Unknown,Africa,1907,0.0,0.0,
Unknown,Africa,1909,0.0,0.0,
Unknown,Africa,1910,4.439666,0.0,
Unknown,Africa,1911,4.4268847,0.0,
Unknown,Africa,1912,4.408997,0.0,
Unknown,Africa,1913,4.391132,0.0,
Unknown,Africa,1914,4.3868284,0.0,
Unknown,Africa,1920,0.0,0.0,
Unknown,Africa,1926,0.0,0.0,
Unknown,Africa,1927,0.0,0.0,
Unknown,Africa,1939,4.0077357,0.0,
Unknown,Africa,1940,0.0,0.0,
Unknown,Africa,1941,0.0,0.0,
Unknown,Africa,1942,0.0,0.0,
Unknown,Africa,1943,0.0,0.0,
Unknown,Africa,1944,0.0,0.0,
Unknown,Africa,1946,0.0,0.0,
Unknown,Africa,1948,0.0,0.0,
Unknown,Africa,1951,0.0,0.0,
Unknown,Africa,1952,0.0,0.0,
Unknown,Africa,1954,54.07959,0.0,
Unknown,Africa,1955,0.011030218,0.0,
Unknown,Africa,1956,0.0,0.0,
Unknown,Africa,1957,0.0,0.0,
Unknown,Africa,1959,0.0,0.0,
Unknown,Africa,1960,0.4396946,0.0,
Unknown,Africa,1961,0.0,0.0,
Unknown,Africa,1962,0.0,0.0,
Unknown,Africa,1963,28.056725,0.0,
Unknown,Africa,1964,240.983,0.0,
Unknown,Africa,1965,610.7261,0.0,
Unknown,Africa,1966,14.268407,0.0,
Unknown,Africa,1967,54.438732,0.0,
Unknown,Africa,1968,178.04117,0.0,
Unknown,Africa,1969,768.8856,0.0,
Unknown,Africa,1970,271.2094,0.0,
Unknown,Africa,1971,534.83026,0.0,
Unknown,Africa,1972,837.0222,0.0,
Unknown,Africa,1973,238.89052,0.0,
Unknown,Africa,1974,809.9164,0.0,
Unknown,Africa,1975,594.28894,0.0,
Unknown,Africa,1976,684.0186,0.0,
Unknown,Africa,1977,1163.1594,0.0,
Unknown,Africa,1978,795.4334,0.0,
Unknown,Africa,1979,605.3583,0.0,
Unknown,Africa,1980,868.9745,0.0,
Unknown,Africa,1981,1182.9573,0.0,
Unknown,Africa,1982,1083.213,0.0,
Unknown,Africa,1983,2284.0483,0.0,
Unknown,Africa,1984,4355.1006,0.0,
Unknown,Africa,1985,2781.6265,0.0,
Unknown,Africa,1986,203.21552,0.0,
Unknown,Africa,1987,2066.9084,0.0,
Unknown,Africa,1988,1210.078,0.0,
Unknown,Africa,1989,473.96747,0.0,
Unknown,Africa,1990,1493.0927,0.0,
Unknown,Africa,1991,2051.52,0.0,
Unknown,Africa,1992,2228.3433,0.0,
Unknown,Africa,1993,1012.7614,0.0,
Unknown,Africa,1994,1296.3992,0.0,
Unknown,Africa,1995,905.5126,0.0,
Unknown,Africa,1996,268.5401,0.0,
Unknown,Africa,1997,897.2682,0.0,
Unknown,Africa,1998,628.51044,0.0,
Unknown,Africa,1999,590.98175,0.0,
Unknown,Africa,2000,2733.3013,0.0,
Unknown,Africa,2001,2139.8884,0.0,
Unknown,Africa,2002,2256.5225,0.0,
Unknown,Africa,2003,1480.805,0.0,
Unknown,Africa,2004,3108.157,0.0,
Unknown,Africa,2005,1147.5305,0.0,
Unknown,Africa,2006,1840.1482,0.0,
Unknown,Africa,2007,819.3721,0.0,
Unknown,Africa,2008,1219.7004,0.0,
Unknown,Africa,2009,2174.7825,0.0,
Unknown,Africa,2010,1792.1353,0.0,
Unknown,Africa,2011,1871.975,0.0,
Unknown,Africa,2012,2806.7092,0.0,
Unknown,Africa,2013,654.50903,0.0,
Unknown,Africa,2014,662.1075,0.0,
Unknown,Africa,2015,1059.2451,0.0,
Unknown,Africa,2016,2191.6216,0.0,
Unknown,Africa,2017,1888.2928,0.0,
Unknown,Africa,2018,559.9216,0.0,
Unknown,Africa,2019,1375.2596,0.0,
Unknown,Africa,2020,2007.5005,0.0,
Unknown,Africa,2021,2514.4119,0.0,
Unknown,Africa,2022,8649.028,0.0,
Unknown,Africa,2023,1120.687,0.0,
Unknown,Africa,2024,359.4529,0.0,
Unknown,Asia,1900,0.0,0.0,
Unknown,Asia,1901,0.00256181,0.0,
Unknown,Asia,1902,0.0,0.0,
Unknown,Asia,1903,6.315774,0.0,
Unknown,Asia,1904,0.24548487,0.0,
Unknown,Asia,1905,0.018364238,0.0,
Unknown,Asia,1906,3.6996434,0.0,
Unknown,Asia,1907,0.0,0.0,
Unknown,Asia,1909,0.33706185,0.0,
Unknown,Asia,1910,0.0,0.0,
Unknown,Asia,1911,0.14549518,0.0,
Unknown,Asia,1912,1.7939211,0.0,
Unknown,Asia,1913,0.010962605,0.0,
Unknown,Asia,1914,5.2120285,0.0,
Unknown,Asia,1915,289.3603,0.0,
Unknown,Asia,1916,0.20614007,0.0,
Unknown,Asia,1917,60.398865,0.0,
Unknown,Asia,1918,0.0,0.0,
Unknown,Asia,1919,0.0,0.0,
Unknown,Asia,1920,1857.2126,0.0,
Unknown,Asia,1922,0.03815854,0.0,
Unknown,Asia,1923,20.781916,0.0,
Unknown,Asia,1924,91.32169,0.0,
Unknown,Asia,1925,1.578607,0.0,
Unknown,Asia,1926,3.5558877,0.0,
Unknown,Asia,1927,22.365866,0.0,
Unknown,Asia,1928,0.1934783,0.0,
Unknown,Asia,1929,0.09738881,0.0,
Unknown,Asia,1930,2.3574364,0.0,
Unknown,Asia,1931,0.0,0.0,
Unknown,Asia,1932,0.50154144,0.0,
Unknown,Asia,1933,300.71625,0.0,
Unknown,Asia,1934,0.0,0.0,
Unknown,Asia,1935,842.96564,0.0,
Unknown,Asia,1936,17.91029,0.0,
Unknown,Asia,1937,0.015991708,0.0,
Unknown,Asia,1938,0.50853443,0.0,
Unknown,Asia,1939,45.93359,0.0,
Unknown,Asia,1940,4.982909,0.0,
Unknown,Asia,1941,3.5573936,0.0,
Unknown,Asia,1942,0.0,0.0,
Unknown,Asia,1943,5.6593328,0.0,
Unknown,Asia,1944,6.86359,0.0,
Unknown,Asia,1945,143.73425,0.0,
Unknown,Asia,1946,0.2913147,0.0,
Unknown,Asia,1947,0.0,0.0,
Unknown,Asia,1948,55.832874,0.0,
Unknown,Asia,1949,14.646783,0.0,
Unknown,Asia,1950,773.7935,0.0,
Unknown,Asia,1951,38.492878,0.0,
Unknown,Asia,1952,70.0914,0.0,
Unknown,Asia,1953,200.34279,0.0,
Unknown,Asia,1954,3.147086,0.0,
Unknown,Asia,1955,24.609804,0.0,
Unknown,Asia,1956,68.88729,0.0,
Unknown,Asia,1957,33.277927,0.0,
Unknown,Asia,1958,1.7894388,0.0,
Unknown,Asia,1959,90.48478,0.0,
Unknown,Asia,1960,47.50769,0.0,
Unknown,Asia,1961,75.671,0.0,
Unknown,Asia,1962,8.122079,0.0,
Unknown,Asia,1963,336.53265,0.0,
Unknown,Asia,1964,326.5198,0.0,
Unknown,Asia,1965,2799.9246,0.0,
Unknown,Asia,1966,2012.4491,0.0,
Unknown,Asia,1967,1868.9442,0.0,
Unknown,Asia,1968,1303.2074,0.0,
Unknown,Asia,1969,148.96002,0.0,
Unknown,Asia,1970,1270.0016,0.0,
Unknown,Asia,1971,374.124,0.0,
Unknown,Asia,1972,4969.243,0.0,
Unknown,Asia,1973,4812.095,0.0,
Unknown,Asia,1974,1746.5372,0.0,
Unknown,Asia,1975,2011.8434,0.0,
Unknown,Asia,1976,600.28845,0.0,
Unknown,Asia,1977,868.01385,0.0,
Unknown,Asia,1978,2007.3271,0.0,
Unknown,Asia,1979,1657.1661,0.0,
Unknown,Asia,1980,2474.0747,0.0,
Unknown,Asia,1981,871.6042,0.0,
Unknown,Asia,1982,2970.2947,0.0,
Unknown,Asia,1983,3590.9797,0.0,
Unknown,Asia,1984,2051.5847,0.0,
Unknown,Asia,1985,653.24274,0.0,
Unknown,Asia,1986,942.4333,0.0,
Unknown,Asia,1987,11846.253,0.0,
Unknown,Asia,1988,6013.597,0.0,
Unknown,Asia,1989,5028.1323,0.0,
Unknown,Asia,1990,2031.1774,0.0,
Unknown,Asia,1991,7862.705,0.0,
Unknown,Asia,1992,1501.3259,0.0,
Unknown,Asia,1993,4803.071,0.0,
Unknown,Asia,1994,7197.231,0.0,
Unknown,Asia,1995,6334.4883,0.0,
Unknown,Asia,1996,6056.76,0.0,
Unknown,Asia,1997,1546.9198,0.0,
Unknown,Asia,1998,8930.319,0.0,
Unknown,Asia,1999,5572.395,0.0,
Unknown,Asia,2000,3744.1587,0.0,
Unknown,Asia,2001,3354.2754,0.0,
Unknown,Asia,2002,16919.203,0.0,
Unknown,Asia,2003,6017.655,0.0,
Unknown,Asia,2004,3364.964,0.0,
Unknown,Asia,2005,3254.7275,0.0,
Unknown,Asia,2006,2938.9238,0.0,
Unknown,Asia,2007,4684.7495,0.0,
Unknown,Asia,2008,2418.1233,0.0,
Unknown,Asia,2009,3243.838,0.0,
Unknown,Asia,2010,5595.423,0.0,
Unknown,Asia,2011,4735.163,0.0,
Unknown,Asia,2012,2105.8987,0.0,
Unknown,Asia,2013,1992.0424,0.0,
Unknown,Asia,2014,2210.46,0.0,
Unknown,Asia,2015,5000.7305,0.0,
Unknown,Asia,2016,5787.2017,0.0,
Unknown,Asia,2017,1479.3171,0.0,
Unknown,Asia,2018,1302.1124,0.0,
Unknown,Asia,2019,1932.9573,0.0,
Unknown,Asia,2020,1256.7704,0.0,
Unknown,Asia,2021,1162.9343,0.0,
Unknown,Asia,2022,1595.814,0.0,
Unknown,Asia,2023,1441.3877,0.0,
Unknown,Asia,2024,61.192924,0.0,
Unknown,Democratic Republic of Vietnam,2023,0.0,0.0,Asia
Unknown,Duchy of Modena and Reggio,2023,0.0,0.0,Europe
Unknown,Duchy of Parma and Piacenza,2023,0.0,0.0,Europe
Unknown,East Asia and Pacific (WB),1990,0.0,5738.8125,
Unknown,East Asia and Pacific (WB),1991,0.0,5967.6655,
Unknown,East Asia and Pacific (WB),1992,0.0,6198.559,
Unknown,East Asia and Pacific (WB),1993,0.0,6441.05,
Unknown,East Asia and Pacific (WB),1994,0.0,6750.542,
Unknown,East Asia and Pacific (WB),1995,0.0,7096.961,
Unknown,East Asia and Pacific (WB),1996,0.0,7448.8857,
Unknown,East Asia and Pacific (WB),1997,0.0,7692.164,
Unknown,East Asia and Pacific (WB),1998,0.0,7597.6606,
Unknown,East Asia and Pacific (WB),1999,0.0,7832.744,
Unknown,East Asia and Pacific (WB),2000,0.0,8210.303,
Unknown,East Asia and Pacific (WB),2001,0.0,8440.025,
Unknown,East Asia and Pacific (WB),2002,0.0,8788.615,
Unknown,East Asia and Pacific (WB),2003,0.0,9206.032,
Unknown,East Asia and Pacific (WB),2004,0.0,9724.499,
Unknown,East Asia and Pacific (WB),2005,0.0,10280.682,
Unknown,East Asia and Pacific (WB),2006,0.0,10933.407,
Unknown,East Asia and Pacific (WB),2007,0.0,11739.909,
Unknown,East Asia and Pacific (WB),2008,0.0,12237.541,
Unknown,East Asia and Pacific (WB),2009,0.0,12562.891,
Unknown,East Asia and Pacific (WB),2010,0.0,13485.722,
Unknown,East Asia and Pacific (WB),2011,0.0,14188.83,
Unknown,East Asia and Pacific (WB),2012,0.0,14868.351,
Unknown,East Asia and Pacific (WB),2013,0.0,15574.133,
Unknown,East Asia and Pacific (WB),2014,0.0,16255.7705,
Unknown,East Asia and Pacific (WB),2015,0.0,16956.32,
Unknown,East Asia and Pacific (WB),2016,0.0,17682.826,
Unknown,East Asia and Pacific (WB),2017,0.0,18506.434,
Unknown,East Asia and Pacific (WB),2018,0.0,19340.914,
Unknown,East Asia and Pacific (WB),2019,0.0,20083.326,
Unknown,East Asia and Pacific (WB),2020,0.0,19975.262,
Unknown,East Asia and Pacific (WB),2021,0.0,21174.826,
Unknown,East Asia and Pacific (WB),2022,0.0,21802.557,
Unknown,East Asia and Pacific (WB),2023,0.0,22687.838,
Unknown,Europe,1902,34.484272,0.0,
Unknown,Europe,1904,0.3848,0.0,
Unknown,Europe,1905,5.203458,0.0,
Unknown,Europe,1906,0.0,0.0,
Unknown,Europe,1908,34.395023,0.0,
Unknown,Europe,1909,0.0,0.0,
Unknown,Europe,1911,0.0,0.0,
Unknown,Europe,1913,0.0,0.0,
Unknown,Europe,1914,0.14922805,0.0,
Unknown,Europe,1915,0.0,0.0,
Unknown,Europe,1920,0.0,0.0,
Unknown,Europe,1921,1089.7264,0.0,
Unknown,Europe,1922,0.0,0.0,
Unknown,Europe,1923,0.0,0.0,
Unknown,Europe,1925,0.0,0.0,
Unknown,Europe,1926,0.0,0.0,
Unknown,Europe,1928,1.2416415,0.0,
Unknown,Europe,1929,0.0,0.0,
Unknown,Europe,1930,2.7026343,0.0,
Unknown,Europe,1931,0.0,0.0,
Unknown,Europe,1932,4.5501046,0.0,
Unknown,Europe,1933,0.0,0.0,
Unknown,Europe,1934,0.0,0.0,
Unknown,Europe,1936,0.0,0.0,
Unknown,Europe,1939,0.0,0.0,
Unknown,Europe,1940,0.0,0.0,
Unknown,Europe,1941,0.022705464,0.0,
Unknown,Europe,1942,0.020717666,0.0,
Unknown,Europe,1943,0.0,0.0,
Unknown,Europe,1944,2.6143157,0.0,
Unknown,Europe,1945,0.0,0.0,
Unknown,Europe,1946,0.0,0.0,
Unknown,Europe,1947,6.4827647,0.0,
Unknown,Europe,1948,2.0960755,0.0,
Unknown,Europe,1949,0.0,0.0,
Unknown,Europe,1951,31.257814,0.0,
Unknown,Europe,1952,0.0,0.0,
Unknown,Europe,1953,79.25141,0.0,
Unknown,Europe,1954,1.0584794,0.0,
Unknown,Europe,1955,4.6082144,0.0,
Unknown,Europe,1956,0.02918359,0.0,
Unknown,Europe,1957,0.0,0.0,
Unknown,Europe,1958,0.0,0.0,
Unknown,Europe,1960,0.0,0.0,
Unknown,Europe,1961,0.0,0.0,
Unknown,Europe,1962,4.877128,0.0,
Unknown,Europe,1963,0.5288941,0.0,
Unknown,Europe,1964,38.280853,0.0,
Unknown,Europe,1965,19.759949,0.0,
Unknown,Europe,1966,222.87875,0.0,
Unknown,Europe,1967,6.341603,0.0,
Unknown,Europe,1968,12.619775,0.0,
Unknown,Europe,1969,44.276993,0.0,
Unknown,Europe,1970,234.44582,0.0,
Unknown,Europe,1971,0.72906506,0.0,
Unknown,Europe,1972,0.06762366,0.0,
Unknown,Europe,1973,1.5233884,0.0,
Unknown,Europe,1974,0.0,0.0,
Unknown,Europe,1975,147.61975,0.0,
Unknown,Europe,1976,36.74364,0.0,
Unknown,Europe,1977,60.644516,0.0,
Unknown,Europe,1978,87.56061,0.0,
Unknown,Europe,1979,53.95771,0.0,
Unknown,Europe,1980,63.32219,0.0,
Unknown,Europe,1981,13.584526,0.0,
Unknown,Europe,1982,37.159126,0.0,
Unknown,Europe,1983,78.56059,0.0,
Unknown,Europe,1984,13.067691,0.0,
Unknown,Europe,1985,2.8354464,0.0,
Unknown,Europe,1986,39.58045,0.0,
Unknown,Europe,1987,6.2578692,0.0,
Unknown,Europe,1988,229.88974,0.0,
Unknown,Europe,1989,151.30412,0.0,
Unknown,Europe,1990,206.83063,0.0,
Unknown,Europe,1991,347.49295,0.0,
Unknown,Europe,1992,161.48904,0.0,
Unknown,Europe,1993,332.98892,0.0,
Unknown,Europe,1994,277.05658,0.0,
Unknown,Europe,1995,433.99115,0.0,
Unknown,Europe,1996,37.49118,0.0,
Unknown,Europe,1997,72.322,0.0,
Unknown,Europe,1998,83.33481,0.0,
Unknown,Europe,1999,549.3059,0.0,
Unknown,Europe,2000,398.10916,0.0,
Unknown,Europe,2001,104.229645,0.0,
Unknown,Europe,2002,166.22157,0.0,
Unknown,Europe,2003,172.06425,0.0,
Unknown,Europe,2004,60.36466,0.0,
Unknown,Europe,2005,72.104546,0.0,
Unknown,Europe,2006,18.37319,0.0,
Unknown,Europe,2007,224.72954,0.0,
Unknown,Europe,2008,34.906326,0.0,
Unknown,Europe,2009,12.332789,0.0,
Unknown,Europe,2010,111.1321,0.0,
Unknown,Europe,2011,4.7862935,0.0,
Unknown,Europe,2012,18.430977,0.0,
Unknown,Europe,2013,193.71935,0.0,
Unknown,Europe,2014,164.61143,0.0,
Unknown,Europe,2015,30.172968,0.0,
Unknown,Europe,2016,12.575416,0.0,
Unknown,Europe,2017,10.486447,0.0,
Unknown,Europe,2018,11.030466,0.0,
Unknown,Europe,2019,57.717484,0.0,
Unknown,Europe,2020,43.596825,0.0,
Unknown,Europe,2021,69.99057,0.0,
Unknown,Europe,2022,18.681215,0.0,
Unknown,Europe,2023,298.49063,0.0,
Unknown,Europe,2024,1.1473643,0.0,
Unknown,Europe and Central Asia (WB),1990,0.0,28647.982,
Unknown,Europe and Central Asia (WB),1991,0.0,28158.324,
Unknown,Europe and Central Asia (WB),1992,0.0,27224.416,
Unknown,Europe and Central Asia (WB),1993,0.0,26565.592,
Unknown,Europe and Central Asia (WB),1994,0.0,26233.271,
Unknown,Europe and Central Asia (WB),1995,0.0,26554.955,
Unknown,Europe and Central Asia (WB),1996,0.0,26858.033,
Unknown,Europe and Central Asia (WB),1997,0.0,27578.275,
Unknown,Europe and Central Asia (WB),1998,0.0,28084.021,
Unknown,Europe and Central Asia (WB),1999,0.0,28872.502,
Unknown,Europe and Central Asia (WB),2000,0.0,30232.824,
Unknown,Europe and Central Asia (WB),2001,0.0,30966.607,
Unknown,Europe and Central Asia (WB),2002,0.0,31558.252,
Unknown,Europe and Central Asia (WB),2003,0.0,32284.518,
Unknown,Europe and Central Asia (WB),2004,0.0,33471.1,
Unknown,Europe and Central Asia (WB),2005,0.0,34477.527,
Unknown,Europe and Central Asia (WB),2006,0.0,35974.637,
Unknown,Europe and Central Asia (WB),2007,0.0,37460.793,
Unknown,Europe and Central Asia (WB),2008,0.0,37938.5,
Unknown,Europe and Central Asia (WB),2009,0.0,35971.047,
Unknown,Europe and Central Asia (WB),2010,0.0,36875.312,
Unknown,Europe and Central Asia (WB),2011,0.0,37845.2,
Unknown,Europe and Central Asia (WB),2012,0.0,37969.293,
Unknown,Europe and Central Asia (WB),2013,0.0,38207.523,
Unknown,Europe and Central Asia (WB),2014,0.0,38669.555,
Unknown,Europe and Central Asia (WB),2015,0.0,39118.816,
Unknown,Europe and Central Asia (WB),2016,0.0,39636.863,
Unknown,Europe and Central Asia (WB),2017,0.0,40666.605,
Unknown,Europe and Central Asia (WB),2018,0.0,41489.273,
Unknown,Europe and Central Asia (WB),2019,0.0,42198.13,
Unknown,Europe and Central Asia (WB),2020,0.0,40061.82,
Unknown,Europe and Central Asia (WB),2021,0.0,42726.246,
Unknown,Europe and Central Asia (WB),2022,0.0,43734.926,
Unknown,Europe and Central Asia (WB),2023,0.0,44432.613,
Unknown,European Union (27),1904,0.60495436,0.0,
Unknown,European Union (27),1905,8.182301,0.0,
Unknown,European Union (27),1906,0.0,0.0,
Unknown,European Union (27),1908,54.11881,0.0,
Unknown,European Union (27),1909,0.0,0.0,
Unknown,European Union (27),1913,0.0,0.0,
Unknown,European Union (27),1914,0.23777075,0.0,
Unknown,European Union (27),1915,0.0,0.0,
Unknown,European Union (27),1920,0.0,0.0,
Unknown,European Union (27),1922,0.0,0.0,
Unknown,European Union (27),1926,0.0,0.0,
Unknown,European Union (27),1928,2.0047255,0.0,
Unknown,European Union (27),1930,3.289975,0.0,
Unknown,European Union (27),1932,7.3461266,0.0,
Unknown,European Union (27),1933,0.0,0.0,
Unknown,European Union (27),1934,0.0,0.0,
Unknown,European Union (27),1939,0.0,0.0,
Unknown,European Union (27),1940,0.0,0.0,
Unknown,European Union (27),1941,0.03697275,0.0,
Unknown,European Union (27),1944,4.2881436,0.0,
Unknown,European Union (27),1945,0.0,0.0,
Unknown,European Union (27),1946,0.0,0.0,
Unknown,European Union (27),1947,10.74431,0.0,
Unknown,European Union (27),1948,3.4824014,0.0,
Unknown,European Union (27),1949,0.0,0.0,
Unknown,European Union (27),1951,52.337574,0.0,
Unknown,European Union (27),1952,0.0,0.0,
Unknown,European Union (27),1953,133.22505,0.0,
Unknown,European Union (27),1954,1.7827041,0.0,
Unknown,European Union (27),1955,7.7763495,0.0,
Unknown,European Union (27),1956,0.049352292,0.0,
Unknown,European Union (27),1957,0.0,0.0,
Unknown,European Union (27),1958,0.0,0.0,
Unknown,European Union (27),1960,0.0,0.0,
Unknown,European Union (27),1961,0.0,0.0,
Unknown,European Union (27),1962,8.293432,0.0,
Unknown,European Union (27),1963,0.0,0.0,
Unknown,European Union (27),1964,0.27190068,0.0,
Unknown,European Union (27),1965,8.212254,0.0,
Unknown,European Union (27),1966,354.84647,0.0,
Unknown,European Union (27),1967,5.0144157,0.0,
Unknown,European Union (27),1968,17.451702,0.0,
Unknown,European Union (27),1969,0.83322346,0.0,
Unknown,European Union (27),1970,401.30057,0.0,
Unknown,European Union (27),1971,1.2476982,0.0,
Unknown,European Union (27),1972,0.11570263,0.0,
Unknown,European Union (27),1973,1.2773015,0.0,
Unknown,European Union (27),1975,252.40224,0.0,
Unknown,European Union (27),1976,62.82442,0.0,
Unknown,European Union (27),1977,103.699844,0.0,
Unknown,European Union (27),1978,149.7027,0.0,
Unknown,European Union (27),1979,12.453728,0.0,
Unknown,European Union (27),1980,107.10072,0.0,
Unknown,European Union (27),1981,20.148788,0.0,
Unknown,European Union (27),1982,62.279613,0.0,
Unknown,European Union (27),1983,130.99454,0.0,
Unknown,European Union (27),1984,17.47842,0.0,
Unknown,European Union (27),1985,0.11158598,0.0,
Unknown,European Union (27),1986,12.193264,0.0,
Unknown,European Union (27),1987,1.9747789,0.0,
Unknown,European Union (27),1988,0.07813221,0.0,
Unknown,European Union (27),1989,0.0,0.0,
Unknown,European Union (27),1990,90.613075,33814.516,
Unknown,European Union (27),1991,274.43942,33974.5,
Unknown,European Union (27),1992,268.10263,34076.69,
Unknown,European Union (27),1993,481.2225,33772.73,
Unknown,European Union (27),1994,275.46118,34599.66,
Unknown,European Union (27),1995,341.60474,35526.336,
Unknown,European Union (27),1996,3.8079152,36193.895,
Unknown,European Union (27),1997,116.41202,37067.457,
Unknown,European Union (27),1998,8.476677,38101.996,
Unknown,European Union (27),1999,918.0699,39140.02,
Unknown,European Union (27),2000,28.928703,40630.65,
Unknown,European Union (27),2001,14.073823,41487.8,
Unknown,European Union (27),2002,146.52046,41908.22,
Unknown,European Union (27),2003,42.593063,42223.215,
Unknown,European Union (27),2004,10.422793,43237.56,
Unknown,European Union (27),2005,18.219864,44002.1,
Unknown,European Union (27),2006,15.858253,45493.324,
Unknown,European Union (27),2007,4.194579,46842.914,
Unknown,European Union (27),2008,4.3368816,47102.34,
Unknown,European Union (27),2009,17.518173,44997.508,
Unknown,European Union (27),2010,141.00261,45840.215,
Unknown,European Union (27),2011,4.6897316,46822.12,
Unknown,European Union (27),2012,17.987375,46404.094,
Unknown,European Union (27),2013,313.5645,46263.184,
Unknown,European Union (27),2014,26.663994,46935.043,
Unknown,European Union (27),2015,1.3252652,47967.6,
Unknown,European Union (27),2016,7.8733277,48823.46,
Unknown,European Union (27),2017,9.194205,50189.586,
Unknown,European Union (27),2018,3.5389307,51234.98,
Unknown,European Union (27),2019,36.11084,52228.02,
Unknown,European Union (27),2020,56.210274,49260.434,
Unknown,European Union (27),2021,35.692524,52528.516,
Unknown,European Union (27),2022,29.47246,54276.836,
Unknown,European Union (27),2023,477.4566,54446.863,
Unknown,European Union (27),2024,1.9047887,0.0,
Unknown,Faeroe Islands,2008,0.0,53528.785,
Unknown,Faeroe Islands,2009,0.0,50835.953,
Unknown,Faeroe Islands,2010,0.0,50782.34,
Unknown,Faeroe Islands,2011,0.0,52716.934,
Unknown,Faeroe Islands,2012,0.0,56744.652,
Unknown,Faeroe Islands,2013,0.0,60123.727,
Unknown,Faeroe Islands,2014,0.0,63151.504,
Unknown,Faeroe Islands,2015,0.0,63139.805,
Unknown,Faeroe Islands,2016,0.0,63286.586,
Unknown,Faeroe Islands,2017,0.0,64571.918,
Unknown,Faeroe Islands,2018,0.0,65294.75,
Unknown,Faeroe Islands,2019,0.0,67207.836,
Unknown,Faeroe Islands,2020,0.0,65131.613,
Unknown,Faeroe Islands,2021,0.0,67757.77,
Unknown,Faeroe Islands,2022,0.0,69338.81,
Unknown,Faeroe Islands,2023,0.0,70373.375,
Unknown,Federal Republic of Central America,2023,0.0,0.0,North America
Unknown,Grand Duchy of Baden,2023,0.0,0.0,Europe
Unknown,Grand Duchy of Tuscany,2023,0.0,0.0,Europe
Unknown,Great Colombia,2023,0.0,0.0,South America
Unknown,High-income countries,1900,0.0,0.0,
Unknown,High-income countries,1901,0.005388098,0.0,
Unknown,High-income countries,1902,0.0,0.0,
Unknown,High-income countries,1903,0.005053042,0.0,
Unknown,High-income countries,1904,0.86244357,0.0,
Unknown,High-income countries,1905,4.7914476,0.0,
Unknown,High-income countries,1906,23.482553,0.0,
Unknown,High-income countries,1907,0.0,0.0,
Unknown,High-income countries,1908,31.180367,0.0,
Unknown,High-income countries,1909,0.68849385,0.0,
Unknown,High-income countries,1910,0.0,0.0,
Unknown,High-income countries,1911,0.29695252,0.0,
Unknown,High-income countries,1912,0.54358256,0.0,
Unknown,High-income countries,1913,0.0,0.0,
Unknown,High-income countries,1914,0.51604134,0.0,
Unknown,High-income countries,1915,0.004363352,0.0,
Unknown,High-income countries,1916,0.4249297,0.0,
Unknown,High-income countries,1917,0.09328968,0.0,
Unknown,High-income countries,1918,0.0,0.0,
Unknown,High-income countries,1919,0.0,0.0,
Unknown,High-income countries,1920,0.0,0.0,
Unknown,High-income countries,1922,2.1653135,0.0,
Unknown,High-income countries,1923,38.266167,0.0,
Unknown,High-income countries,1924,0.0,0.0,
Unknown,High-income countries,1925,1.8416653,0.0,
Unknown,High-income countries,1926,0.0,0.0,
Unknown,High-income countries,1927,14.360717,0.0,
Unknown,High-income countries,1928,1.0729032,0.0,
Unknown,High-income countries,1929,0.0,0.0,
Unknown,High-income countries,1930,6.5402546,0.0,
Unknown,High-income countries,1931,2.3489478,0.0,
Unknown,High-income countries,1932,4.340374,0.0,
Unknown,High-income countries,1933,0.42789206,0.0,
Unknown,High-income countries,1934,0.42468,0.0,
Unknown,High-income countries,1935,43.902863,0.0,
Unknown,High-income countries,1936,0.43079105,0.0,
Unknown,High-income countries,1937,0.4148881,0.0,
Unknown,High-income countries,1938,0.41173103,0.0,
Unknown,High-income countries,1939,10.856649,0.0,
Unknown,High-income countries,1940,0.40846258,0.0,
Unknown,High-income countries,1941,0.87367916,0.0,
Unknown,High-income countries,1943,3.6895666,0.0,
Unknown,High-income countries,1944,15.22222,0.0,
Unknown,High-income countries,1945,297.7685,0.0,
Unknown,High-income countries,1946,0.60373574,0.0,
Unknown,High-income countries,1947,5.4071937,0.0,
Unknown,High-income countries,1948,115.05823,0.0,
Unknown,High-income countries,1949,29.451054,0.0,
Unknown,High-income countries,1950,111.909065,0.0,
Unknown,High-income countries,1951,74.586136,0.0,
Unknown,High-income countries,1952,0.15412284,0.0,
Unknown,High-income countries,1953,481.37265,0.0,
Unknown,High-income countries,1954,7.5688643,0.0,
Unknown,High-income countries,1955,4.024313,0.0,
Unknown,High-income countries,1956,0.023635237,0.0,
Unknown,High-income countries,1957,35.480545,0.0,
Unknown,High-income countries,1958,0.004744892,0.0,
Unknown,High-income countries,1959,200.73198,0.0,
Unknown,High-income countries,1960,267.65665,0.0,
Unknown,High-income countries,1961,170.16309,0.0,
Unknown,High-income countries,1962,3.868325,0.0,
Unknown,High-income countries,1963,0.002293123,0.0,
Unknown,High-income countries,1964,23.862494,0.0,
Unknown,High-income countries,1965,473.1233,0.0,
Unknown,High-income countries,1966,191.88426,0.0,
Unknown,High-income countries,1967,178.11368,0.0,
Unknown,High-income countries,1968,180.00932,0.0,
Unknown,High-income countries,1969,50.195557,0.0,
Unknown,High-income countries,1970,191.64886,0.0,
Unknown,High-income countries,1971,291.62097,0.0,
Unknown,High-income countries,1972,136.65778,0.0,
Unknown,High-income countries,1973,2.3757992,0.0,
Unknown,High-income countries,1974,16.343742,0.0,
Unknown,High-income countries,1975,113.20979,0.0,
Unknown,High-income countries,1976,65.541336,0.0,
Unknown,High-income countries,1977,63.875687,0.0,
Unknown,High-income countries,1978,70.66368,0.0,
Unknown,High-income countries,1979,14.502765,0.0,
Unknown,High-income countries,1980,65.21538,0.0,
Unknown,High-income countries,1981,23.864384,0.0,
Unknown,High-income countries,1982,58.229736,0.0,
Unknown,High-income countries,1983,79.24085,0.0,
Unknown,High-income countries,1984,83.888565,0.0,
Unknown,High-income countries,1985,264.9983,0.0,
Unknown,High-income countries,1986,36.58661,0.0,
Unknown,High-income countries,1987,53.796402,0.0,
Unknown,High-income countries,1988,1.5633092,0.0,
Unknown,High-income countries,1989,15.763342,0.0,
Unknown,High-income countries,1990,76.04431,35231.47,
Unknown,High-income countries,1991,145.57065,35117.117,
Unknown,High-income countries,1992,168.44585,34992.938,
Unknown,High-income countries,1993,435.1118,34918.574,
Unknown,High-income countries,1994,622.61176,35431.207,
Unknown,High-income countries,1995,489.4141,36111.168,
Unknown,High-income countries,1996,103.32626,36850.14,
Unknown,High-income countries,1997,108.47552,37872.074,
Unknown,High-income countries,1998,149.38326,38536.344,
Unknown,High-income countries,1999,674.0552,39705.566,
Unknown,High-income countries,2000,94.05314,41290.547,
Unknown,High-income countries,2001,119.20278,41818.96,
Unknown,High-income countries,2002,118.068596,42360.01,
Unknown,High-income countries,2003,54.204693,43217.33,
Unknown,High-income countries,2004,514.791,44617.598,
Unknown,High-income countries,2005,138.88608,45797.785,
Unknown,High-income countries,2006,30.669687,47186.465,
Unknown,High-income countries,2007,119.66751,48420.777,
Unknown,High-income countries,2008,1210.2428,48606.367,
Unknown,High-income countries,2009,219.18799,46576.004,
Unknown,High-income countries,2010,326.02795,47838.98,
Unknown,High-income countries,2011,115.40193,48748.742,
Unknown,High-income countries,2012,28.702194,49202.797,
Unknown,High-income countries,2013,324.13623,49657.992,
Unknown,High-income countries,2014,74.43856,50410.76,
Unknown,High-income countries,2015,115.91126,51170.426,
Unknown,High-income countries,2016,7170.9595,51777.01,
Unknown,High-income countries,2017,156.64046,52836.758,
Unknown,High-income countries,2018,290.67023,53950.21,
Unknown,High-income countries,2019,71.19806,54823.668,
Unknown,High-income countries,2020,54.768806,52431.0,
Unknown,High-income countries,2021,28.967903,55581.68,
Unknown,High-income countries,2022,62.03811,56887.207,
Unknown,High-income countries,2023,249.96036,57577.62,
Unknown,High-income countries,2024,6.5366387,0.0,
Unknown,Kingdom of Bavaria,2023,0.0,0.0,Europe
Unknown,Kingdom of Sardinia,2023,0.0,0.0,Europe
Unknown,Kingdom of Saxony,2023,0.0,0.0,Europe
Unknown,Kingdom of Wurttemberg,2023,0.0,0.0,Europe
Unknown,Kingdom of the Two Sicilies,2023,0.0,0.0,Europe
Unknown,Latin America and Caribbean (WB),1990,0.0,12509.721,
Unknown,Latin America and Caribbean (WB),1991,0.0,12682.813,
Unknown,Latin America and Caribbean (WB),1992,0.0,12815.767,
Unknown,Latin America and Caribbean (WB),1993,0.0,13184.615,
Unknown,Latin America and Caribbean (WB),1994,0.0,13646.369,
Unknown,Latin America and Caribbean (WB),1995,0.0,13531.741,
Unknown,Latin America and Caribbean (WB),1996,0.0,13826.81,
Unknown,Latin America and Caribbean (WB),1997,0.0,14347.188,
Unknown,Latin America and Caribbean (WB),1998,0.0,14548.158,
Unknown,Latin America and Caribbean (WB),1999,0.0,14404.021,
Unknown,Latin America and Caribbean (WB),2000,0.0,14703.812,
Unknown,Latin America and Caribbean (WB),2001,0.0,14557.42,
Unknown,Latin America and Caribbean (WB),2002,0.0,14437.22,
Unknown,Latin America and Caribbean (WB),2003,0.0,14606.906,
Unknown,Latin America and Caribbean (WB),2004,0.0,15200.141,
Unknown,Latin America and Caribbean (WB),2005,0.0,15605.6455,
Unknown,Latin America and Caribbean (WB),2006,0.0,16214.328,
Unknown,Latin America and Caribbean (WB),2007,0.0,16863.225,
Unknown,Latin America and Caribbean (WB),2008,0.0,17284.422,
Unknown,Latin America and Caribbean (WB),2009,0.0,16702.576,
Unknown,Latin America and Caribbean (WB),2010,0.0,17590.494,
Unknown,Latin America and Caribbean (WB),2011,0.0,18191.596,
Unknown,Latin America and Caribbean (WB),2012,0.0,18476.178,
Unknown,Latin America and Caribbean (WB),2013,0.0,18808.46,
Unknown,Latin America and Caribbean (WB),2014,0.0,18894.127,
Unknown,Latin America and Caribbean (WB),2015,0.0,18804.027,
Unknown,Latin America and Caribbean (WB),2016,0.0,18590.873,
Unknown,Latin America and Caribbean (WB),2017,0.0,18785.236,
Unknown,Latin America and Caribbean (WB),2018,0.0,18936.451,
Unknown,Latin America and Caribbean (WB),2019,0.0,18926.271,
Unknown,Latin America and Caribbean (WB),2020,0.0,17558.178,
Unknown,Latin America and Caribbean (WB),2021,0.0,18734.184,
Unknown,Latin America and Caribbean (WB),2022,0.0,19376.598,
Unknown,Latin America and Caribbean (WB),2023,0.0,19654.996,
Unknown,Low-income countries,1903,0.0,0.0,
Unknown,Low-income countries,1906,0.0,0.0,
Unknown,Low-income countries,1907,0.0,0.0,
Unknown,Low-income countries,1910,7.8896017,0.0,
Unknown,Low-income countries,1911,7.851039,0.0,
Unknown,Low-income countries,1912,7.801093,0.0,
Unknown,Low-income countries,1913,7.739579,0.0,
Unknown,Low-income countries,1914,7.6994114,0.0,
Unknown,Low-income countries,1940,0.0,0.0,
Unknown,Low-income countries,1941,0.0,0.0,
Unknown,Low-income countries,1942,0.0,0.0,
Unknown,Low-income countries,1943,0.0,0.0,
Unknown,Low-income countries,1944,0.0,0.0,
Unknown,Low-income countries,1954,0.0,0.0,
Unknown,Low-income countries,1956,1.56307,0.0,
Unknown,Low-income countries,1961,0.0,0.0,
Unknown,Low-income countries,1963,0.0,0.0,
Unknown,Low-income countries,1964,457.4071,0.0,
Unknown,Low-income countries,1965,956.1981,0.0,
Unknown,Low-income countries,1966,5.6740217,0.0,
Unknown,Low-income countries,1967,70.43723,0.0,
Unknown,Low-income countries,1968,160.50215,0.0,
Unknown,Low-income countries,1969,1108.9766,0.0,
Unknown,Low-income countries,1970,141.02847,0.0,
Unknown,Low-income countries,1971,503.48328,0.0,
Unknown,Low-income countries,1972,1615.06,0.0,
Unknown,Low-income countries,1973,176.39172,0.0,
Unknown,Low-income countries,1974,1514.0922,0.0,
Unknown,Low-income countries,1975,597.67145,0.0,
Unknown,Low-income countries,1976,1152.2668,0.0,
Unknown,Low-income countries,1977,1098.6956,0.0,
Unknown,Low-income countries,1978,847.0576,0.0,
Unknown,Low-income countries,1979,896.70624,0.0,
Unknown,Low-income countries,1980,1072.9971,0.0,
Unknown,Low-income countries,1981,2298.642,0.0,
Unknown,Low-income countries,1982,1724.2955,0.0,
Unknown,Low-income countries,1983,3290.8018,0.0,
Unknown,Low-income countries,1984,4501.6807,0.0,
Unknown,Low-income countries,1985,2354.6665,0.0,
Unknown,Low-income countries,1986,42.252846,0.0,
Unknown,Low-income countries,1987,4307.6074,0.0,
Unknown,Low-income countries,1988,1990.7866,0.0,
Unknown,Low-income countries,1989,432.85345,0.0,
Unknown,Low-income countries,1990,2926.736,1790.7391,
Unknown,Low-income countries,1991,2458.1326,1764.7162,
Unknown,Low-income countries,1992,3359.393,1714.1954,
Unknown,Low-income countries,1993,1579.3688,1682.5425,
Unknown,Low-income countries,1994,1959.0914,1652.1045,
Unknown,Low-income countries,1995,2481.7012,1688.1309,
Unknown,Low-income countries,1996,1288.6333,1745.926,
Unknown,Low-income countries,1997,1236.0592,1805.0192,
Unknown,Low-income countries,1998,372.04712,1824.6407,
Unknown,Low-income countries,1999,784.13,1803.4489,
Unknown,Low-income countries,2000,3814.3877,1798.3308,
Unknown,Low-income countries,2001,1977.0175,1816.0712,
Unknown,Low-income countries,2002,2215.0254,1857.5642,
Unknown,Low-income countries,2003,2037.6322,1904.9882,
Unknown,Low-income countries,2004,1920.845,1972.7064,
Unknown,Low-income countries,2005,1927.3755,2048.1958,
Unknown,Low-income countries,2006,2573.2886,2115.1738,
Unknown,Low-income countries,2007,1159.4432,2193.9973,
Unknown,Low-income countries,2008,1987.2747,2256.5127,
Unknown,Low-income countries,2009,3474.1348,2295.1401,
Unknown,Low-income countries,2010,2977.4438,2386.5947,
Unknown,Low-income countries,2011,2425.3804,2405.8984,
Unknown,Low-income countries,2012,3798.058,2253.1409,
Unknown,Low-income countries,2013,825.47595,2212.0105,
Unknown,Low-income countries,2014,838.3821,2252.5732,
Unknown,Low-income countries,2015,4570.7876,2280.6804,
Unknown,Low-income countries,2016,3731.8792,2302.8635,
Unknown,Low-income countries,2017,2003.1997,2331.7522,
Unknown,Low-income countries,2018,1624.8143,2351.6985,
Unknown,Low-income countries,2019,4407.136,2384.8042,
Unknown,Low-income countries,2020,3391.2146,2334.5068,
Unknown,Low-income countries,2021,3604.2224,2312.7751,
Unknown,Low-income countries,2022,13924.983,2331.7905,
Unknown,Low-income countries,2023,2997.3745,2325.4177,
Unknown,Low-income countries,2024,36.702602,0.0,
Unknown,Lower-middle-income countries,1900,0.0,0.0,
Unknown,Lower-middle-income countries,1902,0.0,0.0,
Unknown,Lower-middle-income countries,1903,0.0,0.0,
Unknown,Lower-middle-income countries,1904,0.0,0.0,
Unknown,Lower-middle-income countries,1905,0.0,0.0,
Unknown,Lower-middle-income countries,1909,0.0,0.0,
Unknown,Lower-middle-income countries,1910,0.0,0.0,
Unknown,Lower-middle-income countries,1911,0.035285525,0.0,
Unknown,Lower-middle-income countries,1912,0.0,0.0,
Unknown,Lower-middle-income countries,1913,0.0,0.0,
Unknown,Lower-middle-income countries,1914,0.0,0.0,
Unknown,Lower-middle-income countries,1915,0.0,0.0,
Unknown,Lower-middle-income countries,1916,0.0,0.0,
Unknown,Lower-middle-income countries,1918,0.0,0.0,
Unknown,Lower-middle-income countries,1919,0.0,0.0,
Unknown,Lower-middle-income countries,1920,0.0,0.0,
Unknown,Lower-middle-income countries,1922,0.0,0.0,
Unknown,Lower-middle-income countries,1923,4.1648283,0.0,
Unknown,Lower-middle-income countries,1924,164.86182,0.0,
Unknown,Lower-middle-income countries,1925,0.0,0.0,
Unknown,Lower-middle-income countries,1926,6.457486,0.0,
Unknown,Lower-middle-income countries,1927,6.3913465,0.0,
Unknown,Lower-middle-income countries,1928,0.31612545,0.0,
Unknown,Lower-middle-income countries,1929,0.17520185,0.0,
Unknown,Lower-middle-income countries,1930,0.0,0.0,
Unknown,Lower-middle-income countries,1931,0.0,0.0,
Unknown,Lower-middle-income countries,1932,0.37604082,0.0,
Unknown,Lower-middle-income countries,1934,0.0,0.0,
Unknown,Lower-middle-income countries,1935,3.6038423,0.0,
Unknown,Lower-middle-income countries,1936,21.318232,0.0,
Unknown,Lower-middle-income countries,1937,1.0789092,0.0,
Unknown,Lower-middle-income countries,1938,0.0,0.0,
Unknown,Lower-middle-income countries,1939,1.0412039,0.0,
Unknown,Lower-middle-income countries,1940,0.0,0.0,
Unknown,Lower-middle-income countries,1941,0.0,0.0,
Unknown,Lower-middle-income countries,1942,0.0,0.0,
Unknown,Lower-middle-income countries,1943,3.973394,0.0,
Unknown,Lower-middle-income countries,1944,1.3190869,0.0,
Unknown,Lower-middle-income countries,1945,0.2627042,0.0,
Unknown,Lower-middle-income countries,1946,0.0,0.0,
Unknown,Lower-middle-income countries,1947,0.0,0.0,
Unknown,Lower-middle-income countries,1948,0.7757301,0.0,
Unknown,Lower-middle-income countries,1949,0.0,0.0,
Unknown,Lower-middle-income countries,1950,3.1659234,0.0,
Unknown,Lower-middle-income countries,1951,7.438085,0.0,
Unknown,Lower-middle-income countries,1952,121.36654,0.0,
Unknown,Lower-middle-income countries,1953,0.0,0.0,
Unknown,Lower-middle-income countries,1954,44.606285,0.0,
Unknown,Lower-middle-income countries,1955,42.765385,0.0,
Unknown,Lower-middle-income countries,1956,119.407646,0.0,
Unknown,Lower-middle-income countries,1957,30.117373,0.0,
Unknown,Lower-middle-income countries,1958,2.747774,0.0,
Unknown,Lower-middle-income countries,1959,1.3424784,0.0,
Unknown,Lower-middle-income countries,1960,79.45732,0.0,
Unknown,Lower-middle-income countries,1961,0.19681297,0.0,
Unknown,Lower-middle-income countries,1962,13.737296,0.0,
Unknown,Lower-middle-income countries,1963,570.35724,0.0,
Unknown,Lower-middle-income countries,1964,546.67334,0.0,
Unknown,Lower-middle-income countries,1965,4475.2373,0.0,
Unknown,Lower-middle-income countries,1966,3327.6814,0.0,
Unknown,Lower-middle-income countries,1967,2984.188,0.0,
Unknown,Lower-middle-income countries,1968,2118.7366,0.0,
Unknown,Lower-middle-income countries,1969,195.07816,0.0,
Unknown,Lower-middle-income countries,1970,2124.8833,0.0,
Unknown,Lower-middle-income countries,1971,651.544,0.0,
Unknown,Lower-middle-income countries,1972,8345.804,0.0,
Unknown,Lower-middle-income countries,1973,8133.127,0.0,
Unknown,Lower-middle-income countries,1974,3075.9392,0.0,
Unknown,Lower-middle-income countries,1975,2445.971,0.0,
Unknown,Lower-middle-income countries,1976,969.82263,0.0,
Unknown,Lower-middle-income countries,1977,1656.4398,0.0,
Unknown,Lower-middle-income countries,1978,2937.5273,0.0,
Unknown,Lower-middle-income countries,1979,2759.6724,0.0,
Unknown,Lower-middle-income countries,1980,4227.817,0.0,
Unknown,Lower-middle-income countries,1981,1239.4049,0.0,
Unknown,Lower-middle-income countries,1982,4821.586,0.0,
Unknown,Lower-middle-income countries,1983,6124.005,0.0,
Unknown,Lower-middle-income countries,1984,3852.2742,0.0,
Unknown,Lower-middle-income countries,1985,1555.4285,0.0,
Unknown,Lower-middle-income countries,1986,750.0792,0.0,
Unknown,Lower-middle-income countries,1987,18868.98,0.0,
Unknown,Lower-middle-income countries,1988,5690.6787,0.0,
Unknown,Lower-middle-income countries,1989,1060.4209,0.0,
Unknown,Lower-middle-income countries,1990,893.5798,2896.7747,
Unknown,Lower-middle-income countries,1991,1898.0588,2884.5054,
Unknown,Lower-middle-income countries,1992,1212.6832,2931.0154,
Unknown,Lower-middle-income countries,1993,7177.683,2942.9402,
Unknown,Lower-middle-income countries,1994,1142.8613,3003.6873,
Unknown,Lower-middle-income countries,1995,2943.4465,3102.0425,
Unknown,Lower-middle-income countries,1996,1307.4838,3231.49,
Unknown,Lower-middle-income countries,1997,1775.9993,3293.183,
Unknown,Lower-middle-income countries,1998,3051.4094,3380.325,
Unknown,Lower-middle-income countries,1999,2824.62,3507.3105,
Unknown,Lower-middle-income countries,2000,4728.638,3586.0796,
Unknown,Lower-middle-income countries,2001,3801.1467,3670.718,
Unknown,Lower-middle-income countries,2002,14255.279,3754.3452,
Unknown,Lower-middle-income countries,2003,665.32526,3910.866,
Unknown,Lower-middle-income countries,2004,3123.0005,4111.3276,
Unknown,Lower-middle-income countries,2005,1732.068,4315.549,
Unknown,Lower-middle-income countries,2006,1047.2262,4543.1753,
Unknown,Lower-middle-income countries,2007,2605.3494,4775.5464,
Unknown,Lower-middle-income countries,2008,1174.011,4902.7593,
Unknown,Lower-middle-income countries,2009,1431.8472,5113.0146,
Unknown,Lower-middle-income countries,2010,1386.5846,5374.765,
Unknown,Lower-middle-income countries,2011,1580.5138,5537.791,
Unknown,Lower-middle-income countries,2012,1473.8215,5729.25,
Unknown,Lower-middle-income countries,2013,1825.8826,5958.712,
Unknown,Lower-middle-income countries,2014,1126.5786,6229.2993,
Unknown,Lower-middle-income countries,2015,6576.7407,6518.346,
Unknown,Lower-middle-income countries,2016,6146.422,6818.286,
Unknown,Lower-middle-income countries,2017,1836.4946,7105.2207,
Unknown,Lower-middle-income countries,2018,1361.1342,7405.771,
Unknown,Lower-middle-income countries,2019,2116.5588,7613.167,
Unknown,Lower-middle-income countries,2020,1527.4977,7245.7383,
Unknown,Lower-middle-income countries,2021,866.7995,7650.304,
Unknown,Lower-middle-income countries,2022,2499.5322,8015.4097,
Unknown,Lower-middle-income countries,2023,892.87286,8379.975,
Unknown,Lower-middle-income countries,2024,205.53479,0.0,
Unknown,Middle East and North Africa (WB),1990,0.0,11897.672,
Unknown,Middle East and North Africa (WB),1991,0.0,11697.138,
Unknown,Middle East and North Africa (WB),1992,0.0,12060.096,
Unknown,Middle East and North Africa (WB),1993,0.0,12070.904,
Unknown,Middle East and North Africa (WB),1994,0.0,12115.642,
Unknown,Middle East and North Africa (WB),1995,0.0,12195.242,
Unknown,Middle East and North Africa (WB),1996,0.0,12571.838,
Unknown,Middle East and North Africa (WB),1997,0.0,12836.301,
Unknown,Middle East and North Africa (WB),1998,0.0,13180.618,
Unknown,Middle East and North Africa (WB),1999,0.0,13289.628,
Unknown,Middle East and North Africa (WB),2000,0.0,13824.155,
Unknown,Middle East and North Africa (WB),2001,0.0,13809.807,
Unknown,Middle East and North Africa (WB),2002,0.0,13827.769,
Unknown,Middle East and North Africa (WB),2003,0.0,14093.978,
Unknown,Middle East and North Africa (WB),2004,0.0,14889.236,
Unknown,Middle East and North Africa (WB),2005,0.0,15259.156,
Unknown,Middle East and North Africa (WB),2006,0.0,15766.97,
Unknown,Middle East and North Africa (WB),2007,0.0,16231.461,
Unknown,Middle East and North Africa (WB),2008,0.0,16620.414,
Unknown,Middle East and North Africa (WB),2009,0.0,16481.258,
Unknown,Middle East and North Africa (WB),2010,0.0,17008.002,
Unknown,Middle East and North Africa (WB),2011,0.0,17332.625,
Unknown,Middle East and North Africa (WB),2012,0.0,17439.602,
Unknown,Middle East and North Africa (WB),2013,0.0,17317.889,
Unknown,Middle East and North Africa (WB),2014,0.0,17471.174,
Unknown,Middle East and North Africa (WB),2015,0.0,17607.148,
Unknown,Middle East and North Africa (WB),2016,0.0,18057.133,
Unknown,Middle East and North Africa (WB),2017,0.0,18115.418,
Unknown,Middle East and North Africa (WB),2018,0.0,18268.066,
Unknown,Middle East and North Africa (WB),2019,0.0,18256.998,
Unknown,Middle East and North Africa (WB),2020,0.0,17458.059,
Unknown,Middle East and North Africa (WB),2021,0.0,18012.875,
Unknown,Middle East and North Africa (WB),2022,0.0,18641.537,
Unknown,Middle East and North Africa (WB),2023,0.0,18660.316,
Unknown,Middle-income countries,1990,0.0,4579.5366,
Unknown,Middle-income countries,1991,0.0,4579.2974,
Unknown,Middle-income countries,1992,0.0,4652.781,
Unknown,Middle-income countries,1993,0.0,4752.04,
Unknown,Middle-income countries,1994,0.0,4854.725,
Unknown,Middle-income countries,1995,0.0,4977.4604,
Unknown,Middle-income countries,1996,0.0,5183.47,
Unknown,Middle-income countries,1997,0.0,5361.644,
Unknown,Middle-income countries,1998,0.0,5428.423,
Unknown,Middle-income countries,1999,0.0,5546.4346,
Unknown,Middle-income countries,2000,0.0,5758.7456,
Unknown,Middle-income countries,2001,0.0,5880.834,
Unknown,Middle-income countries,2002,0.0,6061.9297,
Unknown,Middle-income countries,2003,0.0,6323.756,
Unknown,Middle-income countries,2004,0.0,6712.169,
Unknown,Middle-income countries,2005,0.0,7085.7397,
Unknown,Middle-income countries,2006,0.0,7542.7656,
Unknown,Middle-income countries,2007,0.0,8067.544,
Unknown,Middle-income countries,2008,0.0,8397.266,
Unknown,Middle-income countries,2009,0.0,8586.054,
Unknown,Middle-income countries,2010,0.0,9138.121,
Unknown,Middle-income countries,2011,0.0,9574.117,
Unknown,Middle-income countries,2012,0.0,9955.452,
Unknown,Middle-income countries,2013,0.0,10362.601,
Unknown,Middle-income countries,2014,0.0,10746.608,
Unknown,Middle-income countries,2015,0.0,11118.37,
Unknown,Middle-income countries,2016,0.0,11531.478,
Unknown,Middle-income countries,2017,0.0,12001.685,
Unknown,Middle-income countries,2018,0.0,12460.859,
Unknown,Middle-income countries,2019,0.0,12821.293,
Unknown,Middle-income countries,2020,0.0,12477.889,
Unknown,Middle-income countries,2021,0.0,13260.085,
Unknown,Middle-income countries,2022,0.0,13687.941,
Unknown,Middle-income countries,2023,0.0,14233.418,
Unknown,North America,1900,0.0,0.0,
Unknown,North America,1902,0.0,0.0,
Unknown,North America,1903,0.021212092,0.0,
Unknown,North America,1905,0.016007664,0.0,
Unknown,North America,1906,73.84597,0.0,
Unknown,North America,1907,77.17209,0.0,
Unknown,North America,1908,0.0,0.0,
Unknown,North America,1909,0.0,0.0,
Unknown,North America,1910,0.0,0.0,
Unknown,North America,1911,0.17808518,0.0,
Unknown,North America,1912,77.16793,0.0,
Unknown,North America,1913,0.0,0.0,
Unknown,North America,1915,0.01674816,0.0,
Unknown,North America,1917,0.0,0.0,
Unknown,North America,1918,0.0,0.0,
Unknown,North America,1919,0.0,0.0,
Unknown,North America,1920,0.117256485,0.0,
Unknown,North America,1921,0.0,0.0,
Unknown,North America,1922,7.6052155,0.0,
Unknown,North America,1923,0.88535833,0.0,
Unknown,North America,1925,0.0,0.0,
Unknown,North America,1926,0.0,0.0,
Unknown,North America,1927,0.0,0.0,
Unknown,North America,1928,0.0,0.0,
Unknown,North America,1929,0.0,0.0,
Unknown,North America,1930,7.280586,0.0,
Unknown,North America,1931,1.5173174,0.0,
Unknown,North America,1932,2.7765872,0.0,
Unknown,North America,1933,1.4875419,0.0,
Unknown,North America,1934,1.4735305,0.0,
Unknown,North America,1935,1.7518946,0.0,
Unknown,North America,1936,1.4458092,0.0,
Unknown,North America,1937,1.4320979,0.0,
Unknown,North America,1938,1.4184854,0.0,
Unknown,North America,1939,1.4025561,0.0,
Unknown,North America,1940,2.477326,0.0,
Unknown,North America,1943,1.587236,0.0,
Unknown,North America,1944,1.0400189,0.0,
Unknown,North America,1945,0.0,0.0,
Unknown,North America,1946,0.0,0.0,
Unknown,North America,1947,0.0,0.0,
Unknown,North America,1948,0.14548524,0.0,
Unknown,North America,1949,0.0,0.0,
Unknown,North America,1950,49.290928,0.0,
Unknown,North America,1951,9.1435,0.0,
Unknown,North America,1952,0.20885119,0.0,
Unknown,North America,1953,0.0,0.0,
Unknown,North America,1954,106.826225,0.0,
Unknown,North America,1955,0.8397114,0.0,
Unknown,North America,1956,0.0,0.0,
Unknown,North America,1957,0.040185753,0.0,
Unknown,North America,1958,0.0,0.0,
Unknown,North America,1959,0.077054396,0.0,
Unknown,North America,1960,0.471847,0.0,
Unknown,North America,1961,0.0,0.0,
Unknown,North America,1962,0.0,0.0,
Unknown,North America,1963,1.853579,0.0,
Unknown,North America,1964,33.110085,0.0,
Unknown,North America,1965,85.241486,0.0,
Unknown,North America,1966,120.89785,0.0,
Unknown,North America,1967,93.31414,0.0,
Unknown,North America,1968,186.92087,0.0,
Unknown,North America,1969,8.851708,0.0,
Unknown,North America,1970,20.524773,0.0,
Unknown,North America,1971,4.282828,0.0,
Unknown,North America,1972,310.60764,0.0,
Unknown,North America,1973,94.085144,0.0,
Unknown,North America,1974,364.88187,0.0,
Unknown,North America,1975,0.6152939,0.0,
Unknown,North America,1976,1656.7272,0.0,
Unknown,North America,1977,148.1338,0.0,
Unknown,North America,1978,7.4282355,0.0,
Unknown,North America,1979,573.94806,0.0,
Unknown,North America,1980,433.85965,0.0,
Unknown,North America,1981,47.046345,0.0,
Unknown,North America,1982,144.31648,0.0,
Unknown,North America,1983,168.97003,0.0,
Unknown,North America,1984,22.717123,0.0,
Unknown,North America,1985,932.1079,0.0,
Unknown,North America,1986,253.89893,0.0,
Unknown,North America,1987,22.613672,0.0,
Unknown,North America,1988,918.38806,0.0,
Unknown,North America,1989,30.27885,0.0,
Unknown,North America,1990,51.138657,0.0,
Unknown,North America,1991,202.92287,0.0,
Unknown,North America,1992,378.29736,0.0,
Unknown,North America,1993,313.60828,0.0,
Unknown,North America,1994,440.81738,0.0,
Unknown,North America,1995,136.25885,0.0,
Unknown,North America,1996,334.10922,0.0,
Unknown,North America,1997,296.92328,0.0,
Unknown,North America,1998,1161.7317,0.0,
Unknown,North America,1999,990.917,0.0,
Unknown,North America,2000,59.14947,0.0,
Unknown,North America,2001,1744.5935,0.0,
Unknown,North America,2002,330.82782,0.0,
Unknown,North America,2003,167.39027,0.0,
Unknown,North America,2004,1256.8579,0.0,
Unknown,North America,2005,1393.709,0.0,
Unknown,North America,2006,83.555504,0.0,
Unknown,North America,2007,659.5431,0.0,
Unknown,North America,2008,2920.9375,0.0,
Unknown,North America,2009,583.27826,0.0,
Unknown,North America,2010,1160.622,0.0,
Unknown,North America,2011,938.7386,0.0,
Unknown,North America,2012,491.28864,0.0,
Unknown,North America,2013,113.60861,0.0,
Unknown,North America,2014,535.7771,0.0,
Unknown,North America,2015,464.4663,0.0,
Unknown,North America,2016,16528.62,0.0,
Unknown,North America,2017,2429.6956,0.0,
Unknown,North America,2018,984.74835,0.0,
Unknown,North America,2019,153.40823,0.0,
Unknown,North America,2020,1601.2162,0.0,
Unknown,North America,2021,179.45085,0.0,
Unknown,North America,2022,1485.8837,0.0,
Unknown,North America,2023,1002.21515,0.0,
Unknown,North America,2024,0.05574186,0.0,
Unknown,North America (WB),1990,0.0,43934.934,
Unknown,North America (WB),1991,0.0,43230.473,
Unknown,North America (WB),1992,0.0,44045.49,
Unknown,North America (WB),1993,0.0,44670.95,
Unknown,North America (WB),1994,0.0,45927.68,
Unknown,North America (WB),1995,0.0,46609.773,
Unknown,North America (WB),1996,0.0,47730.582,
Unknown,North America (WB),1997,0.0,49260.19,
Unknown,North America (WB),1998,0.0,50864.34,
Unknown,North America (WB),1999,0.0,52723.64,
Unknown,North America (WB),2000,0.0,54324.062,
Unknown,North America (WB),2001,0.0,54341.676,
Unknown,North America (WB),2002,0.0,54806.977,
Unknown,North America (WB),2003,0.0,55807.824,
Unknown,North America (WB),2004,0.0,57384.336,
Unknown,North America (WB),2005,0.0,58823.34,
Unknown,North America (WB),2006,0.0,59871.49,
Unknown,North America (WB),2007,0.0,60494.707,
Unknown,North America (WB),2008,0.0,60030.254,
Unknown,North America (WB),2009,0.0,57939.695,
Unknown,North America (WB),2010,0.0,59011.945,
Unknown,North America (WB),2011,0.0,59565.52,
Unknown,North America (WB),2012,0.0,60433.566,
Unknown,North America (WB),2013,0.0,61275.918,
Unknown,North America (WB),2014,0.0,62364.363,
Unknown,North America (WB),2015,0.0,63603.395,
Unknown,North America (WB),2016,0.0,64223.91,
Unknown,North America (WB),2017,0.0,65381.977,
Unknown,North America (WB),2018,0.0,66893.42,
Unknown,North America (WB),2019,0.0,68200.75,
Unknown,North America (WB),2020,0.0,65907.59,
Unknown,North America (WB),2021,0.0,69717.77,
Unknown,North America (WB),2022,0.0,71175.96,
Unknown,North America (WB),2023,0.0,72586.85,
Unknown,Oceania,1914,0.0,0.0,
Unknown,Oceania,1925,0.0,0.0,
Unknown,Oceania,1929,0.0,0.0,
Unknown,Oceania,1931,119.89784,0.0,
Unknown,Oceania,1937,76.5813,0.0,
Unknown,Oceania,1938,0.0,0.0,
Unknown,Oceania,1939,38.81779,0.0,
Unknown,Oceania,1940,0.0,0.0,
Unknown,Oceania,1941,0.0,0.0,
Unknown,Oceania,1942,0.0,0.0,
Unknown,Oceania,1943,0.0,0.0,
Unknown,Oceania,1944,19.170055,0.0,
Unknown,Oceania,1946,21.856014,0.0,
Unknown,Oceania,1948,0.0,0.0,
Unknown,Oceania,1951,0.0,0.0,
Unknown,Oceania,1952,6.0494676,0.0,
Unknown,Oceania,1953,0.0,0.0,
Unknown,Oceania,1955,0.0,0.0,
Unknown,Oceania,1956,0.0,0.0,
Unknown,Oceania,1957,21.591084,0.0,
Unknown,Oceania,1958,0.0,0.0,
Unknown,Oceania,1959,10.318122,0.0,
Unknown,Oceania,1960,37.831635,0.0,
Unknown,Oceania,1961,49.340477,0.0,
Unknown,Oceania,1962,0.0,0.0,
Unknown,Oceania,1964,104.35554,0.0,
Unknown,Oceania,1965,56.787666,0.0,
Unknown,Oceania,1966,534.0438,0.0,
Unknown,Oceania,1967,16.920784,0.0,
Unknown,Oceania,1968,40.776093,0.0,
Unknown,Oceania,1969,0.0,0.0,
Unknown,Oceania,1970,20.635828,0.0,
Unknown,Oceania,1971,29.965456,0.0,
Unknown,Oceania,1972,592.74286,0.0,
Unknown,Oceania,1973,62.581615,0.0,
Unknown,Oceania,1974,243.43198,0.0,
Unknown,Oceania,1975,106.789116,0.0,
Unknown,Oceania,1976,46.419083,0.0,
Unknown,Oceania,1977,75.28788,0.0,
Unknown,Oceania,1978,12.640897,0.0,
Unknown,Oceania,1979,187.85857,0.0,
Unknown,Oceania,1980,201.57385,0.0,
Unknown,Oceania,1981,347.6668,0.0,
Unknown,Oceania,1982,915.6311,0.0,
Unknown,Oceania,1983,1242.474,0.0,
Unknown,Oceania,1984,27.937738,0.0,
Unknown,Oceania,1985,973.5716,0.0,
Unknown,Oceania,1986,1501.1917,0.0,
Unknown,Oceania,1987,265.74957,0.0,
Unknown,Oceania,1988,50.864727,0.0,
Unknown,Oceania,1989,8.631925,0.0,
Unknown,Oceania,1990,789.3559,0.0,
Unknown,Oceania,1991,365.74652,0.0,
Unknown,Oceania,1992,1054.8687,0.0,
Unknown,Oceania,1993,9546.372,0.0,
Unknown,Oceania,1994,18741.176,0.0,
Unknown,Oceania,1995,9344.021,0.0,
Unknown,Oceania,1996,2178.3193,0.0,
Unknown,Oceania,1997,520.3791,0.0,
Unknown,Oceania,1998,2307.3054,0.0,
Unknown,Oceania,1999,490.73718,0.0,
Unknown,Oceania,2000,22.899689,0.0,
Unknown,Oceania,2001,89.20716,0.0,
Unknown,Oceania,2002,138.25171,0.0,
Unknown,Oceania,2003,117.04118,0.0,
Unknown,Oceania,2004,357.8646,0.0,
Unknown,Oceania,2005,83.53797,0.0,
Unknown,Oceania,2006,110.077156,0.0,
Unknown,Oceania,2007,489.7048,0.0,
Unknown,Oceania,2008,274.8124,0.0,
Unknown,Oceania,2009,200.4164,0.0,
Unknown,Oceania,2010,1085.1248,0.0,
Unknown,Oceania,2011,1291.5715,0.0,
Unknown,Oceania,2012,688.9449,0.0,
Unknown,Oceania,2013,198.98723,0.0,
Unknown,Oceania,2014,428.20496,0.0,
Unknown,Oceania,2015,7230.254,0.0,
Unknown,Oceania,2016,1646.488,0.0,
Unknown,Oceania,2017,172.40247,0.0,
Unknown,Oceania,2018,1942.9276,0.0,
Unknown,Oceania,2019,118.037895,0.0,
Unknown,Oceania,2020,1325.994,0.0,
Unknown,Oceania,2021,301.68076,0.0,
Unknown,Oceania,2022,906.0864,0.0,
Unknown,Oceania,2023,2298.0425,0.0,
Unknown,Oceania,2024,188.10205,0.0,
Unknown,Orange Free State,2023,0.0,0.0,Africa
Unknown,Pakistan (former),2023,0.0,0.0,Asia
Unknown,South America,1906,0.0,0.0,
Unknown,South America,1913,0.0,0.0,
Unknown,South America,1914,0.0,0.0,
Unknown,South America,1920,0.0,0.0,
Unknown,South America,1922,0.0,0.0,
Unknown,South America,1923,0.0,0.0,
Unknown,South America,1924,0.0,0.0,
Unknown,South America,1926,0.0,0.0,
Unknown,South America,1928,0.0,0.0,
Unknown,South America,1931,0.0,0.0,
Unknown,South America,1936,0.0,0.0,
Unknown,South America,1939,66.147224,0.0,
Unknown,South America,1940,3.8778298,0.0,
Unknown,South America,1941,0.0,0.0,
Unknown,South America,1942,0.026541263,0.0,
Unknown,South America,1943,0.03631765,0.0,
Unknown,South America,1944,157.19412,0.0,
Unknown,South America,1946,0.0,0.0,
Unknown,South America,1947,0.0,0.0,
Unknown,South America,1948,0.0,0.0,
Unknown,South America,1949,90.480095,0.0,
Unknown,South America,1950,35.41202,0.0,
Unknown,South America,1953,0.8733039,0.0,
Unknown,South America,1954,0.0,0.0,
Unknown,South America,1956,0.0,0.0,
Unknown,South America,1957,0.0,0.0,
Unknown,South America,1958,0.05736926,0.0,
Unknown,South America,1959,0.0,0.0,
Unknown,South America,1960,1342.4087,0.0,
Unknown,South America,1962,0.19034442,0.0,
Unknown,South America,1963,4.131683,0.0,
Unknown,South America,1964,438.2124,0.0,
Unknown,South America,1965,433.98935,0.0,
Unknown,South America,1966,2631.6716,0.0,
Unknown,South America,1967,364.84134,0.0,
Unknown,South America,1968,21.23677,0.0,
Unknown,South America,1969,144.2473,0.0,
Unknown,South America,1970,9769.39,0.0,
Unknown,South America,1971,1448.137,0.0,
Unknown,South America,1972,792.9938,0.0,
Unknown,South America,1973,17.160007,0.0,
Unknown,South America,1974,255.92914,0.0,
Unknown,South America,1975,382.88693,0.0,
Unknown,South America,1976,20.35893,0.0,
Unknown,South America,1977,124.52105,0.0,
Unknown,South America,1978,90.25768,0.0,
Unknown,South America,1979,2886.285,0.0,
Unknown,South America,1980,151.09201,0.0,
Unknown,South America,1981,35.424267,0.0,
Unknown,South America,1982,165.71191,0.0,
Unknown,South America,1983,13219.675,0.0,
Unknown,South America,1984,276.72327,0.0,
Unknown,South America,1985,1255.7108,0.0,
Unknown,South America,1986,413.74567,0.0,
Unknown,South America,1987,319.0282,0.0,
Unknown,South America,1988,2949.4514,0.0,
Unknown,South America,1989,407.90057,0.0,
Unknown,South America,1990,888.449,0.0,
Unknown,South America,1991,91.40072,0.0,
Unknown,South America,1992,558.8859,0.0,
Unknown,South America,1993,127.85996,0.0,
Unknown,South America,1994,117.071434,0.0,
Unknown,South America,1995,131.57245,0.0,
Unknown,South America,1996,140.14062,0.0,
Unknown,South America,1997,256.6127,0.0,
Unknown,South America,1998,1709.9696,0.0,
Unknown,South America,1999,2364.1816,0.0,
Unknown,South America,2000,171.63588,0.0,
Unknown,South America,2001,599.00946,0.0,
Unknown,South America,2002,222.81154,0.0,
Unknown,South America,2003,116.838234,0.0,
Unknown,South America,2004,238.6449,0.0,
Unknown,South America,2005,294.93677,0.0,
Unknown,South America,2006,270.13037,0.0,
Unknown,South America,2007,1432.7396,0.0,
Unknown,South America,2008,1137.9246,0.0,
Unknown,South America,2009,633.6529,0.0,
Unknown,South America,2010,1518.0786,0.0,
Unknown,South America,2011,884.20654,0.0,
Unknown,South America,2012,1318.1934,0.0,
Unknown,South America,2013,798.47394,0.0,
Unknown,South America,2014,2664.1592,0.0,
Unknown,South America,2015,2913.448,0.0,
Unknown,South America,2016,2504.4934,0.0,
Unknown,South America,2017,582.98486,0.0,
Unknown,South America,2018,51.658806,0.0,
Unknown,South America,2019,2598.1265,0.0,
Unknown,South America,2020,133.666,0.0,
Unknown,South America,2021,775.1449,0.0,
Unknown,South America,2022,392.8852,0.0,
Unknown,South America,2023,1147.9368,0.0,
Unknown,South America,2024,250.7801,0.0,
Unknown,South Asia (WB),1990,0.0,2314.3232,
Unknown,South Asia (WB),1991,0.0,2308.5413,
Unknown,South Asia (WB),1992,0.0,2387.07,
Unknown,South Asia (WB),1993,0.0,2435.1921,
Unknown,South Asia (WB),1994,0.0,2524.7615,
Unknown,South Asia (WB),1995,0.0,2641.4785,
Unknown,South Asia (WB),1996,0.0,2761.5415,
Unknown,South Asia (WB),1997,0.0,2806.4536,
Unknown,South Asia (WB),1998,0.0,2901.6687,
Unknown,South Asia (WB),1999,0.0,3060.7036,
Unknown,South Asia (WB),2000,0.0,3124.286,
Unknown,South Asia (WB),2001,0.0,3199.7083,
Unknown,South Asia (WB),2002,0.0,3258.4636,
Unknown,South Asia (WB),2003,0.0,3430.369,
Unknown,South Asia (WB),2004,0.0,3624.2273,
Unknown,South Asia (WB),2005,0.0,3835.9224,
Unknown,South Asia (WB),2006,0.0,4061.7195,
Unknown,South Asia (WB),2007,0.0,4286.6426,
Unknown,South Asia (WB),2008,0.0,4361.6406,
Unknown,South Asia (WB),2009,0.0,4599.3525,
Unknown,South Asia (WB),2010,0.0,4869.8657,
Unknown,South Asia (WB),2011,0.0,5042.7207,
Unknown,South Asia (WB),2012,0.0,5241.7217,
Unknown,South Asia (WB),2013,0.0,5487.103,
Unknown,South Asia (WB),2014,0.0,5790.5957,
Unknown,South Asia (WB),2015,0.0,6139.3926,
Unknown,South Asia (WB),2016,0.0,6539.8726,
Unknown,South Asia (WB),2017,0.0,6885.4434,
Unknown,South Asia (WB),2018,0.0,7238.709,
Unknown,South Asia (WB),2019,0.0,7442.5405,
Unknown,South Asia (WB),2020,0.0,7023.0103,
Unknown,South Asia (WB),2021,0.0,7561.3926,
Unknown,South Asia (WB),2022,0.0,7970.191,
Unknown,South Asia (WB),2023,0.0,8439.404,
Unknown,Sub-Saharan Africa (WB),1990,0.0,3348.1553,
Unknown,Sub-Saharan Africa (WB),1991,0.0,3273.188,
Unknown,Sub-Saharan Africa (WB),1992,0.0,3169.88,
Unknown,Sub-Saharan Africa (WB),1993,0.0,3054.5364,
Unknown,Sub-Saharan Africa (WB),1994,0.0,3002.461,
Unknown,Sub-Saharan Africa (WB),1995,0.0,3028.3054,
Unknown,Sub-Saharan Africa (WB),1996,0.0,3101.896,
Unknown,Sub-Saharan Africa (WB),1997,0.0,3149.4512,
Unknown,Sub-Saharan Africa (WB),1998,0.0,3147.7048,
Unknown,Sub-Saharan Africa (WB),1999,0.0,3136.1296,
Unknown,Sub-Saharan Africa (WB),2000,0.0,3158.485,
Unknown,Sub-Saharan Africa (WB),2001,0.0,3205.7854,
Unknown,Sub-Saharan Africa (WB),2002,0.0,3309.2983,
Unknown,Sub-Saharan Africa (WB),2003,0.0,3352.3076,
Unknown,Sub-Saharan Africa (WB),2004,0.0,3478.1165,
Unknown,Sub-Saharan Africa (WB),2005,0.0,3591.266,
Unknown,Sub-Saharan Africa (WB),2006,0.0,3709.1145,
Unknown,Sub-Saharan Africa (WB),2007,0.0,3832.2322,
Unknown,Sub-Saharan Africa (WB),2008,0.0,3925.137,
Unknown,Sub-Saharan Africa (WB),2009,0.0,3935.318,
Unknown,Sub-Saharan Africa (WB),2010,0.0,4057.3618,
Unknown,Sub-Saharan Africa (WB),2011,0.0,4127.532,
Unknown,Sub-Saharan Africa (WB),2012,0.0,4176.318,
Unknown,Sub-Saharan Africa (WB),2013,0.0,4270.5615,
Unknown,Sub-Saharan Africa (WB),2014,0.0,4363.48,
Unknown,Sub-Saharan Africa (WB),2015,0.0,4377.4727,
Unknown,Sub-Saharan Africa (WB),2016,0.0,4334.0435,
Unknown,Sub-Saharan Africa (WB),2017,0.0,4338.833,
Unknown,Sub-Saharan Africa (WB),2018,0.0,4348.968,
Unknown,Sub-Saharan Africa (WB),2019,0.0,4357.5137,
Unknown,Sub-Saharan Africa (WB),2020,0.0,4169.3574,
Unknown,Sub-Saharan Africa (WB),2021,0.0,4243.1323,
Unknown,Sub-Saharan Africa (WB),2022,0.0,4294.4873,
Unknown,Sub-Saharan Africa (WB),2023,0.0,4309.3516,
Unknown,Upper-middle-income countries,1900,0.0,0.0,
Unknown,Upper-middle-income countries,1902,24.09919,0.0,
Unknown,Upper-middle-income countries,1903,10.059408,0.0,
Unknown,Upper-middle-income countries,1905,0.0,0.0,
Unknown,Upper-middle-income countries,1906,1.6384937,0.0,
Unknown,Upper-middle-income countries,1907,14.633192,0.0,
Unknown,Upper-middle-income countries,1909,0.0,0.0,
Unknown,Upper-middle-income countries,1910,0.0,0.0,
Unknown,Upper-middle-income countries,1911,0.003455787,0.0,
Unknown,Upper-middle-income countries,1912,17.574095,0.0,
Unknown,Upper-middle-income countries,1913,0.01723126,0.0,
Unknown,Upper-middle-income countries,1914,7.872421,0.0,
Unknown,Upper-middle-income countries,1915,451.76285,0.0,
Unknown,Upper-middle-income countries,1917,93.5854,0.0,
Unknown,Upper-middle-income countries,1918,0.0,0.0,
Unknown,Upper-middle-income countries,1919,0.0,0.0,
Unknown,Upper-middle-income countries,1920,2858.799,0.0,
Unknown,Upper-middle-income countries,1921,708.5314,0.0,
Unknown,Upper-middle-income countries,1922,0.0,0.0,
Unknown,Upper-middle-income countries,1923,0.18145292,0.0,
Unknown,Upper-middle-income countries,1924,1.716919,0.0,
Unknown,Upper-middle-income countries,1925,1.049509,0.0,
Unknown,Upper-middle-income countries,1926,0.0,0.0,
Unknown,Upper-middle-income countries,1927,18.157999,0.0,
Unknown,Upper-middle-income countries,1928,0.02812397,0.0,
Unknown,Upper-middle-income countries,1929,0.0,0.0,
Unknown,Upper-middle-income countries,1930,2.0208068,0.0,
Unknown,Upper-middle-income countries,1931,0.0,0.0,
Unknown,Upper-middle-income countries,1932,0.72408783,0.0,
Unknown,Upper-middle-income countries,1933,464.68198,0.0,
Unknown,Upper-middle-income countries,1934,0.0,0.0,
Unknown,Upper-middle-income countries,1935,1271.6252,0.0,
Unknown,Upper-middle-income countries,1936,8.975663,0.0,
Unknown,Upper-middle-income countries,1937,0.0,0.0,
Unknown,Upper-middle-income countries,1938,0.79333776,0.0,
Unknown,Upper-middle-income countries,1939,71.523964,0.0,
Unknown,Upper-middle-income countries,1940,8.441852,0.0,
Unknown,Upper-middle-income countries,1941,3.8589976,0.0,
Unknown,Upper-middle-income countries,1942,0.016039312,0.0,
Unknown,Upper-middle-income countries,1943,2.8348315,0.0,
Unknown,Upper-middle-income countries,1944,18.288727,0.0,
Unknown,Upper-middle-income countries,1945,0.003460011,0.0,
Unknown,Upper-middle-income countries,1946,0.28545588,0.0,
Unknown,Upper-middle-income countries,1947,0.0,0.0,
Unknown,Upper-middle-income countries,1948,0.83918107,0.0,
Unknown,Upper-middle-income countries,1949,11.651726,0.0,
Unknown,Upper-middle-income countries,1950,1092.6783,0.0,
Unknown,Upper-middle-income countries,1951,18.131565,0.0,
Unknown,Upper-middle-income countries,1952,0.5459475,0.0,
Unknown,Upper-middle-income countries,1953,5.2211456,0.0,
Unknown,Upper-middle-income countries,1954,0.0,0.0,
Unknown,Upper-middle-income countries,1955,0.011067001,0.0,
Unknown,Upper-middle-income countries,1956,0.0,0.0,
Unknown,Upper-middle-income countries,1957,0.020522704,0.0,
Unknown,Upper-middle-income countries,1958,0.3123024,0.0,
Unknown,Upper-middle-income countries,1959,0.018025309,0.0,
Unknown,Upper-middle-income countries,1960,0.017824046,0.0,
Unknown,Upper-middle-income countries,1961,0.70543283,0.0,
Unknown,Upper-middle-income countries,1962,0.039326336,0.0,
Unknown,Upper-middle-income countries,1963,8.319213,0.0,
Unknown,Upper-middle-income countries,1964,83.9939,0.0,
Unknown,Upper-middle-income countries,1965,77.37839,0.0,
Unknown,Upper-middle-income countries,1966,475.14795,0.0,
Unknown,Upper-middle-income countries,1967,144.92688,0.0,
Unknown,Upper-middle-income countries,1968,57.08958,0.0,
Unknown,Upper-middle-income countries,1969,75.16774,0.0,
Unknown,Upper-middle-income countries,1970,1387.5153,0.0,
Unknown,Upper-middle-income countries,1971,44.44506,0.0,
Unknown,Upper-middle-income countries,1972,244.2625,0.0,
Unknown,Upper-middle-income countries,1973,130.46803,0.0,
Unknown,Upper-middle-income countries,1974,36.452698,0.0,
Unknown,Upper-middle-income countries,1975,1014.47925,0.0,
Unknown,Upper-middle-income countries,1976,416.58804,0.0,
Unknown,Upper-middle-income countries,1977,34.716774,0.0,
Unknown,Upper-middle-income countries,1978,514.55493,0.0,
Unknown,Upper-middle-income countries,1979,604.8845,0.0,
Unknown,Upper-middle-income countries,1980,89.63879,0.0,
Unknown,Upper-middle-income countries,1981,227.23317,0.0,
Unknown,Upper-middle-income countries,1982,133.16527,0.0,
Unknown,Upper-middle-income countries,1983,1940.874,0.0,
Unknown,Upper-middle-income countries,1984,173.48943,0.0,
Unknown,Upper-middle-income countries,1985,281.2686,0.0,
Unknown,Upper-middle-income countries,1986,953.5912,0.0,
Unknown,Upper-middle-income countries,1987,195.55867,0.0,
Unknown,Upper-middle-income countries,1988,4775.1147,0.0,
Unknown,Upper-middle-income countries,1989,7234.533,0.0,
Unknown,Upper-middle-income countries,1990,2620.21,5949.9185,
Unknown,Upper-middle-income countries,1991,11264.1045,5971.0938,
Unknown,Upper-middle-income countries,1992,1571.8224,6079.05,
Unknown,Upper-middle-income countries,1993,583.66583,6265.171,
Unknown,Upper-middle-income countries,1994,10967.576,6417.658,
Unknown,Upper-middle-income countries,1995,7368.46,6575.869,
Unknown,Upper-middle-income countries,1996,8659.302,6862.9873,
Unknown,Upper-middle-income countries,1997,852.783,7158.6206,
Unknown,Upper-middle-income countries,1998,12370.795,7224.8184,
Unknown,Upper-middle-income countries,1999,6835.13,7352.399,
Unknown,Upper-middle-income countries,2000,1528.955,7702.785,
Unknown,Upper-middle-income countries,2001,2340.9395,7878.8877,
Unknown,Upper-middle-income countries,2002,13336.314,8169.632,
Unknown,Upper-middle-income countries,2003,9927.841,8549.672,
Unknown,Upper-middle-income countries,2004,3163.6057,9135.263,
Unknown,Upper-middle-income countries,2005,4046.8274,9690.8955,
Unknown,Upper-middle-income countries,2006,4209.8984,10390.834,
Unknown,Upper-middle-income countries,2007,5642.4673,11225.973,
Unknown,Upper-middle-income countries,2008,3243.495,11781.919,
Unknown,Upper-middle-income countries,2009,4359.2915,11979.929,
Unknown,Upper-middle-income countries,2010,8833.67,12849.981,
Unknown,Upper-middle-income countries,2011,7153.6943,13590.389,
Unknown,Upper-middle-income countries,2012,2703.0479,14192.17,
Unknown,Upper-middle-income countries,2013,1468.2986,14807.822,
Unknown,Upper-middle-income countries,2014,3270.748,15339.037,
Unknown,Upper-middle-income countries,2015,736.16187,15826.931,
Unknown,Upper-middle-income countries,2016,3598.422,16388.959,
Unknown,Upper-middle-income countries,2017,1354.9838,17081.166,
Unknown,Upper-middle-income countries,2018,606.41394,17739.738,
Unknown,Upper-middle-income countries,2019,782.6885,18298.5,
Unknown,Upper-middle-income countries,2020,854.31305,18025.955,
Unknown,Upper-middle-income countries,2021,1554.1785,19260.37,
Unknown,Upper-middle-income countries,2022,903.459,19813.55,
Unknown,Upper-middle-income countries,2023,1675.2821,20620.35,
Unknown,Upper-middle-income countries,2024,73.58939,0.0,
